subject_id,session_id,is_behavior_pass,session_type
620263,620263_2022-07-26,true,templeton
620263,620263_2022-07-27,true,templeton
620264,620264_2022-08-02,true,templeton
626791,626791_2022-08-15,true,brainwide
626791,626791_2022-08-17,false,brainwide
628801,628801_2022-09-19,true,templeton
628801,628801_2022-09-20,,
636397,636397_2022-09-26,true,templeton
636397,636397_2022-09-27,true,templeton
636766,636766_2023-01-23,,
636766,636766_2023-01-24,,
636766,636766_2023-01-25,,
636766,636766_2023-01-26,,
644547,644547_2022-12-05,true,templeton
644547,644547_2022-12-06,true,templeton
644864,644864_2023-01-30,true,brainwide
644864,644864_2023-01-31,true,brainwide
644864,644864_2023-02-01,,
644864,644864_2023-02-02,true,brainwide
644866,644866_2023-02-07,true,brainwide
644866,644866_2023-02-08,true,brainwide
644866,644866_2023-02-09,true,brainwide
644866,644866_2023-02-10,true,brainwide
644867,644867_2023-02-20,true,brainwide
644867,644867_2023-02-22,true,brainwide
644867,644867_2023-02-23,true,brainwide
646318,646318_2023-01-17,true,templeton
646318,646318_2023-01-18,true,templeton
649943,649943_2023-02-13,true,brainwide
649943,649943_2023-02-14,true,brainwide
649943,649943_2023-02-15,true,brainwide
649943,649943_2023-02-16,true,brainwide
649944,649944_2023-02-27,true,templeton
649944,649944_2023-02-28,true,templeton
660023,660023_2023-08-08,,
660023,660023_2023-08-09,true,brainwide
662892,662892_2023-08-21,false,brainwide
662892,662892_2023-08-22,true,brainwide
662892,662892_2023-08-23,true,brainwide
662892,662892_2023-08-24,true,brainwide
662983,662983_2023-05-15,true,templeton
662983,662983_2023-05-16,true,templeton
664851,664851_2023-11-13,true,brainwide
664851,664851_2023-11-14,false,brainwide
664851,664851_2023-11-15,true,brainwide
664851,664851_2023-11-16,true,brainwide
666986,666986_2023-08-15,true,brainwide
666986,666986_2023-08-17,true,brainwide
667252,667252_2023-09-25,true,brainwide
667252,667252_2023-09-26,true,brainwide
667252,667252_2023-09-28,true,brainwide
668755,668755_2023-08-28,true,brainwide
668755,668755_2023-08-29,false,brainwide
668755,668755_2023-08-30,false,brainwide
668755,668755_2023-08-31,true,brainwide
668759,668759_2023-07-11,true,templeton
668759,668759_2023-07-12,true,templeton
668759,668759_2023-07-13,true,templeton
670180,670180_2023-07-26,true,templeton
670180,670180_2023-07-27,true,templeton
670181,670181_2023-07-20,,
670248,670248_2023-08-01,true,templeton
670248,670248_2023-08-03,,
676909,676909_2023-12-11,,
676909,676909_2023-12-12,,
676909,676909_2023-12-13,,
676909,676909_2023-12-14,,
681532,681532_2023-10-16,true,brainwide
681532,681532_2023-10-17,false,brainwide
681532,681532_2023-10-18,true,brainwide
686176,686176_2023-12-04,true,brainwide
686176,686176_2023-12-05,false,brainwide
686176,686176_2023-12-07,true,brainwide
686740,686740_2023-10-23,false,brainwide
686740,686740_2023-10-24,true,brainwide
686740,686740_2023-10-25,true,brainwide
686740,686740_2023-10-26,true,brainwide
690706,690706_2023-11-27,false,brainwide
690706,690706_2023-11-28,true,brainwide
690706,690706_2023-11-29,false,brainwide
690706,690706_2023-11-30,true,brainwide
699847,699847_2024-04-16,false,brainwide
702131,702131_2024-02-26,true,brainwide
702136,702136_2024-03-04,false,brainwide
702136,702136_2024-03-07,false,brainwide
703333,703333_2024-04-08,false,brainwide
703333,703333_2024-04-09,false,brainwide
703333,703333_2024-04-10,false,brainwide
703333,703333_2024-04-11,false,brainwide
703880,703880_2024-04-15,true,brainwide
703880,703880_2024-04-16,false,brainwide
703880,703880_2024-04-17,false,brainwide
703882,703882_2024-04-22,false,brainwide
703882,703882_2024-04-23,false,brainwide
703882,703882_2024-04-25,false,brainwide
708016,708016_2024-04-29,true,brainwide
712138,712138_2024-07-12,,
712141,712141_2024-06-05,,
712141,712141_2024-06-06,,
712141,712141_2024-06-10,,
712141,712141_2024-06-13,,
712815,712815_2024-05-21,true,brainwide
712815,712815_2024-05-22,true,brainwide
713655,713655_2024-08-05,true,brainwide
713655,713655_2024-08-06,true,brainwide
713655,713655_2024-08-07,true,brainwide
713655,713655_2024-08-08,true,brainwide
713655,713655_2024-08-09,true,brainwide
714748,714748_2024-06-24,true,brainwide
714748,714748_2024-06-25,false,brainwide
714748,714748_2024-06-26,true,brainwide
714748,714748_2024-06-27,true,brainwide
714753,714753_2024-07-01,true,brainwide
714753,714753_2024-07-02,true,brainwide
715709,715709_2024-08-07,,
715709,715709_2024-08-09,,
715710,715710_2024-07-15,true,brainwide
715710,715710_2024-07-16,true,brainwide
715710,715710_2024-07-17,true,brainwide
715710,715710_2024-07-18,true,brainwide
715710,715710_2024-07-19,true,brainwide
716718,716718_2024-08-01,,
716718,716718_2024-08-02,,
718283,718283_2024-08-20,,
718283,718283_2024-08-21,,
718283,718283_2024-08-22,,
721536,721536_2024-05-16,,
721536,721536_2024-05-17,,
724612,724612_2024-07-22,,
724612,724612_2024-07-24,,
724612,724612_2024-07-25,,
726088,726088_2024-06-17,false,brainwide
726088,726088_2024-06-18,false,brainwide
726088,726088_2024-06-21,false,brainwide
733780,733780_2024-08-26,false,brainwide
733780,733780_2024-08-27,,
733780,733780_2024-08-29,false,brainwide
733780,733780_2024-08-30,false,brainwide
733780,733780_2024-09-03,false,brainwide
733780,733780_2024-09-04,true,brainwide
733780,733780_2024-09-06,false,brainwide
733887,733887_2024-08-13,,
733887,733887_2024-08-14,,
733887,733887_2024-08-15,,
733891,733891_2024-09-18,true,brainwide
733891,733891_2024-09-20,false,brainwide
736208,736208_2024-09-03,,
736208,736208_2024-09-04,,
736208,736208_2024-09-05,,
736803,736803_2024-08-13,,
737403,737403_2024-09-24,true,brainwide
737403,737403_2024-09-25,false,brainwide
737403,737403_2024-09-26,true,brainwide
737403,737403_2024-09-27,false,brainwide
741137,741137_2024-10-08,true,brainwide
741137,741137_2024-10-09,false,brainwide
741137,741137_2024-10-10,true,brainwide
741137,741137_2024-10-11,false,brainwide
741148,741148_2024-10-15,false,brainwide
741148,741148_2024-10-17,true,brainwide
741148,741148_2024-10-18,true,brainwide
742903,742903_2024-10-21,true,brainwide
742903,742903_2024-10-22,true,brainwide
742903,742903_2024-10-23,true,brainwide
742903,742903_2024-10-24,true,brainwide
743199,743199_2024-12-03,true,brainwide
743199,743199_2024-12-04,true,brainwide
743199,743199_2024-12-05,true,brainwide
743199,743199_2024-12-06,true,brainwide
744279,744279_2025-01-13,false,brainwide
744279,744279_2025-01-14,false,brainwide
744279,744279_2025-01-15,,
744279,744279_2025-01-16,false,brainwide
744740,744740_2024-11-11,,
744740,744740_2024-11-12,,
744740,744740_2024-11-13,,
744740,744740_2024-11-14,,
746439,746439_2025-01-27,false,naive
746439,746439_2025-01-28,false,brainwide
746439,746439_2025-01-29,false,brainwide
746439,746439_2025-01-30,false,brainwide
746439,746439_2025-01-31,true,brainwide
750329,750329_2024-11-25,false,brainwide
750329,750329_2024-11-26,false,brainwide
750329,750329_2024-11-27,true,brainwide
751595,751595_2024-11-20,,
754852,754852_2025-02-10,,
754852,754852_2025-02-11,,
754852,754852_2025-02-12,,
754852,754852_2025-02-13,,
759434,759434_2025-02-03,true,brainwide
759434,759434_2025-02-04,true,brainwide
759434,759434_2025-02-05,true,brainwide
759434,759434_2025-02-06,true,brainwide
759434,759434_2025-02-07,true,brainwide
761583,761583_2024-12-16,true,brainwide
761583,761583_2024-12-20,,
762526,762526_2025-03-18,,
762526,762526_2025-03-19,,
762526,762526_2025-03-21,,
795555,795555_2025-08-21,false,brainwide
795555,795555_2025-08-22,false,brainwide
795555,795555_2025-08-25,false,brainwide
795555,795555_2025-08-26,false,brainwide
796012,796012_2025-07-10,false,brainwide
796012,796012_2025-07-11,false,brainwide
796012,796012_2025-07-14,false,brainwide
796012,796012_2025-07-15,false,brainwide
796847,796847_2025-07-29,false,brainwide
796847,796847_2025-07-30,false,brainwide
796847,796847_2025-07-31,false,brainwide
796847,796847_2025-08-01,false,brainwide
796848,796848_2025-07-14,,
796848,796848_2025-07-16,,
796848,796848_2025-07-17,,
798632,798632_2025-08-29,false,brainwide
798632,798632_2025-09-02,false,brainwide
798632,798632_2025-09-03,false,brainwide
798632,798632_2025-09-04,false,brainwide
801857,801857_2025-09-25,,
805752,805752_2025-10-20,,
805752,805752_2025-10-21,,
805752,805752_2025-10-22,,
805752,805752_2025-10-23,,
805752,805752_2025-10-24,,
807082,807082_2025-09-29,false,brainwide
807082,807082_2025-09-30,false,brainwide
807082,807082_2025-10-01,false,brainwide
807082,807082_2025-10-02,false,brainwide
810752,810752_2025-10-07,false,brainwide
810752,810752_2025-10-08,false,brainwide
810752,810752_2025-10-09,false,brainwide
810752,810752_2025-10-10,false,brainwide
814666,814666_2025-11-06,false,brainwide
814666,814666_2025-11-07,false,brainwide
814666,814666_2025-11-10,false,brainwide
814666,814666_2025-11-11,false,brainwide
814669,814669_2025-11-10,,
814669,814669_2025-11-11,,
814669,814669_2025-11-12,,
814669,814669_2025-11-13,,
822061,822061_2026-01-12,,
822061,822061_2026-01-13,,
822061,822061_2026-01-14,,
822061,822061_2026-01-15,,
822061,822061_2026-01-16,,
831994,831994_2025-12-15,false,brainwide
831994,831994_2025-12-16,false,brainwide
831994,831994_2025-12-17,false,brainwide
831994,831994_2025-12-18,false,brainwide
834408,834408_2025-12-17,,
834408,834408_2025-12-18,,
834408,834408_2025-12-19,,
834408,834408_2025-12-22,,
835598,835598_2026-02-23,,
835598,835598_2026-02-24,,
835598,835598_2026-02-25,,
835598,835598_2026-02-26,,
835598,835598_2026-02-27,,
836726,836726_2026-02-11,,
836726,836726_2026-02-12,,
836726,836726_2026-02-13,,
854390,854390_2026-04-22,,
